{
  "accuracy": 0.10843373493975904,
  "precision_weighted": 0.01175787487298592,
  "recall_weighted": 0.10843373493975904,
  "f1_weighted": 0.021215295966474593,
  "classification_report": {
    "benign": {
      "precision": 0.10843373493975904,
      "recall": 1.0,
      "f1-score": 0.1956521739130435,
      "support": 18.0
    },
    "malignant": {
      "precision": 0.0,
      "recall": 0.0,
      "f1-score": 0.0,
      "support": 85.0
    },
    "normal": {
      "precision": 0.0,
      "recall": 0.0,
      "f1-score": 0.0,
      "support": 63.0
    },
    "accuracy": 0.10843373493975904,
    "macro avg": {
      "precision": 0.03614457831325301,
      "recall": 0.3333333333333333,
      "f1-score": 0.06521739130434782,
      "support": 166.0
    },
    "weighted avg": {
      "precision": 0.01175787487298592,
      "recall": 0.10843373493975904,
      "f1-score": 0.021215295966474593,
      "support": 166.0
    }
  },
  "roc_auc_ovr_weighted": 0.5
}