{
  "accuracy": 0.6204819277108434,
  "precision_weighted": 0.6556257252425383,
  "recall_weighted": 0.6204819277108434,
  "f1_weighted": 0.5418254177348586,
  "classification_report": {
    "benign": {
      "precision": 0.0,
      "recall": 0.0,
      "f1-score": 0.0,
      "support": 18.0
    },
    "malignant": {
      "precision": 0.5782312925170068,
      "recall": 1.0,
      "f1-score": 0.7327586206896551,
      "support": 85.0
    },
    "normal": {
      "precision": 0.9473684210526315,
      "recall": 0.2857142857142857,
      "f1-score": 0.43902439024390244,
      "support": 63.0
    },
    "accuracy": 0.6204819277108434,
    "macro avg": {
      "precision": 0.508533237856546,
      "recall": 0.42857142857142855,
      "f1-score": 0.39059433697785256,
      "support": 166.0
    },
    "weighted avg": {
      "precision": 0.6556257252425383,
      "recall": 0.6204819277108434,
      "f1-score": 0.5418254177348586,
      "support": 166.0
    }
  },
  "roc_auc_ovr_weighted": 0.906617856012522
}