{
  "accuracy": 0.9337349397590361,
  "precision_weighted": 0.9342342632562336,
  "recall_weighted": 0.9337349397590361,
  "f1_weighted": 0.933659221604024,
  "classification_report": {
    "benign": {
      "precision": 0.7647058823529411,
      "recall": 0.7222222222222222,
      "f1-score": 0.7428571428571429,
      "support": 18.0
    },
    "malignant": {
      "precision": 1.0,
      "recall": 0.9764705882352941,
      "f1-score": 0.9880952380952381,
      "support": 85.0
    },
    "normal": {
      "precision": 0.8939393939393939,
      "recall": 0.9365079365079365,
      "f1-score": 0.9147286821705426,
      "support": 63.0
    },
    "accuracy": 0.9337349397590361,
    "macro avg": {
      "precision": 0.8862150920974451,
      "recall": 0.8784002489884842,
      "f1-score": 0.8818936877076412,
      "support": 166.0
    },
    "weighted avg": {
      "precision": 0.9342342632562336,
      "recall": 0.9337349397590361,
      "f1-score": 0.933659221604024,
      "support": 166.0
    }
  },
  "roc_auc_ovr_weighted": 0.9893611004852084
}