{
  "accuracy": 0.1746987951807229,
  "precision_weighted": 0.9041585697629226,
  "recall_weighted": 0.1746987951807229,
  "f1_weighted": 0.14222380471078105,
  "classification_report": {
    "benign": {
      "precision": 0.11612903225806452,
      "recall": 1.0,
      "f1-score": 0.20809248554913296,
      "support": 18.0
    },
    "malignant": {
      "precision": 1.0,
      "recall": 0.11764705882352941,
      "f1-score": 0.21052631578947367,
      "support": 85.0
    },
    "normal": {
      "precision": 1.0,
      "recall": 0.015873015873015872,
      "f1-score": 0.03125,
      "support": 63.0
    },
    "accuracy": 0.1746987951807229,
    "macro avg": {
      "precision": 0.7053763440860216,
      "recall": 0.37784002489884844,
      "f1-score": 0.14995626711286889,
      "support": 166.0
    },
    "weighted avg": {
      "precision": 0.9041585697629226,
      "recall": 0.1746987951807229,
      "f1-score": 0.14222380471078105,
      "support": 166.0
    }
  },
  "roc_auc_ovr_weighted": 0.6500686580642326
}