{
  "accuracy": 0.9759036144578314,
  "precision_weighted": 0.9759036144578314,
  "recall_weighted": 0.9759036144578314,
  "f1_weighted": 0.9759036144578314,
  "classification_report": {
    "benign": {
      "precision": 0.8888888888888888,
      "recall": 0.8888888888888888,
      "f1-score": 0.8888888888888888,
      "support": 18.0
    },
    "malignant": {
      "precision": 1.0,
      "recall": 1.0,
      "f1-score": 1.0,
      "support": 85.0
    },
    "normal": {
      "precision": 0.9682539682539683,
      "recall": 0.9682539682539683,
      "f1-score": 0.9682539682539683,
      "support": 63.0
    },
    "accuracy": 0.9759036144578314,
    "macro avg": {
      "precision": 0.9523809523809524,
      "recall": 0.9523809523809524,
      "f1-score": 0.9523809523809524,
      "support": 166.0
    },
    "weighted avg": {
      "precision": 0.9759036144578314,
      "recall": 0.9759036144578314,
      "f1-score": 0.9759036144578314,
      "support": 166.0
    }
  },
  "roc_auc_ovr_weighted": 0.9963121970959145
}