{
  "accuracy": 0.43373493975903615,
  "precision_weighted": 0.7947131267003497,
  "recall_weighted": 0.43373493975903615,
  "f1_weighted": 0.46393491615655447,
  "classification_report": {
    "benign": {
      "precision": 0.13978494623655913,
      "recall": 0.7222222222222222,
      "f1-score": 0.23423423423423423,
      "support": 18.0
    },
    "malignant": {
      "precision": 0.78125,
      "recall": 0.5882352941176471,
      "f1-score": 0.6711409395973155,
      "support": 85.0
    },
    "normal": {
      "precision": 1.0,
      "recall": 0.14285714285714285,
      "f1-score": 0.25,
      "support": 63.0
    },
    "accuracy": 0.43373493975903615,
    "macro avg": {
      "precision": 0.640344982078853,
      "recall": 0.48443821973233736,
      "f1-score": 0.3851250579438499,
      "support": 166.0
    },
    "weighted avg": {
      "precision": 0.7947131267003497,
      "recall": 0.43373493975903615,
      "f1-score": 0.46393491615655447,
      "support": 166.0
    }
  },
  "roc_auc_ovr_weighted": 0.8018037289053391
}